id,firstname,lastname,email,profession
100,Odessa,Elisha,Odessa.Elisha@yopmail.com,Pyongyang
101,Aurore,Fiester,Aurore.Fiester@yopmail.com,Hai Phong
102,Molli,Leifeste,Molli.Leifeste@yopmail.com,Kunming
103,Maryellen,Kaja,Maryellen.Kaja@yopmail.com,Saint Petersburg
104,Petronia,Wenda,Petronia.Wenda@yopmail.com,Nicosia
105,Nelle,Phi,Nelle.Phi@yopmail.com,Bergen
106,Chandra,Fry,Chandra.Fry@yopmail.com,Yogyakarta (city)
107,Yolane,Bearnard,Yolane.Bearnard@yopmail.com,Dili
108,Jorry,Bethany,Jorry.Bethany@yopmail.com,Gothenburg
109,Caryl,Cordi,Caryl.Cordi@yopmail.com,Seattle
110,Elbertina,Edvard,Elbertina.Edvard@yopmail.com,Jacksonville
111,Ericka,Lesley,Ericka.Lesley@yopmail.com,Funafuti
112,Joelly,Kamaria,Joelly.Kamaria@yopmail.com,Yokohama
113,Aimil,Helve,Aimil.Helve@yopmail.com,Split (city)
114,Lonnie,Mehalek,Lonnie.Mehalek@yopmail.com,Austin
115,Roslyn,Maxi,Roslyn.Maxi@yopmail.com,Jamestown
116,Tierney,Pulsifer,Tierney.Pulsifer@yopmail.com,Mexico City
117,Keelia,Haerr,Keelia.Haerr@yopmail.com,Kathmandu
118,Fina,Seumas,Fina.Seumas@yopmail.com,Marrakech
119,Heddie,Alrich,Heddie.Alrich@yopmail.com,Gaborone
120,Gwyneth,Curren,Gwyneth.Curren@yopmail.com,Innsbruck
121,Priscilla,Dermott,Priscilla.Dermott@yopmail.com,Calama
122,Blinni,Hessler,Blinni.Hessler@yopmail.com,Cork (city)
123,Annabela,Bigner,Annabela.Bigner@yopmail.com,Suez
124,Orsola,Socha,Orsola.Socha@yopmail.com,Saipan
125,Rosabelle,Goode,Rosabelle.Goode@yopmail.com,Porto
126,Trixi,Ochs,Trixi.Ochs@yopmail.com,Amsterdam
127,Dorice,Loleta,Dorice.Loleta@yopmail.com,Lima
128,Ricky,Ellord,Ricky.Ellord@yopmail.com,Iquique
129,Veda,Ochs,Veda.Ochs@yopmail.com,Udon Thani
130,Rosene,Beniamino,Rosene.Beniamino@yopmail.com,Porto Velho
131,Lilith,Gusella,Lilith.Gusella@yopmail.com,Monrovia
132,Augustine,Rodmann,Augustine.Rodmann@yopmail.com,Forked River
133,Miquela,Wolfgram,Miquela.Wolfgram@yopmail.com,Road Town
134,Rochette,Hailee,Rochette.Hailee@yopmail.com,Amritsar
135,Ezmeralda,Harriman,Ezmeralda.Harriman@yopmail.com,Ipoh
136,Abbie,Schonfeld,Abbie.Schonfeld@yopmail.com,Apia
137,Mallory,Gladstone,Mallory.Gladstone@yopmail.com,Mbabane
138,Gisela,Ledah,Gisela.Ledah@yopmail.com,Ho Chi Minh City
139,Babita,Si,Babita.Si@yopmail.com,Nizhny Novgorod
140,Dari,Nester,Dari.Nester@yopmail.com,Vladivostok
141,Nollie,Jerald,Nollie.Jerald@yopmail.com,Chiang Mai
142,Sherrie,Sabella,Sherrie.Sabella@yopmail.com,Innsbruck
143,Aeriela,Elephus,Aeriela.Elephus@yopmail.com,Cairo
144,Corly,Rheingold,Corly.Rheingold@yopmail.com,Cape Town
145,Aigneis,Yoko,Aigneis.Yoko@yopmail.com,Gibraltar
146,Marline,Neils,Marline.Neils@yopmail.com,Changchun
147,Jasmina,Ball,Jasmina.Ball@yopmail.com,Concepción
148,Corina,Vale,Corina.Vale@yopmail.com,Anadyr (town)
149,Beverley,Thema,Beverley.Thema@yopmail.com,El Paso
150,Orelia,Weinreb,Orelia.Weinreb@yopmail.com,Siem Reap
151,Maurene,Nickola,Maurene.Nickola@yopmail.com,Davao City
152,Maisey,Pauly,Maisey.Pauly@yopmail.com,Kolkata
153,Barbi,Carlson,Barbi.Carlson@yopmail.com,Istanbul
154,Merci,Stover,Merci.Stover@yopmail.com,Miri
155,Candi,Boehike,Candi.Boehike@yopmail.com,New York City
156,Lesly,Blake,Lesly.Blake@yopmail.com,Shenyang
157,Karena,Read,Karena.Read@yopmail.com,Portland
158,Letizia,Tacye,Letizia.Tacye@yopmail.com,Port Said
159,Aeriela,Ackerley,Aeriela.Ackerley@yopmail.com,Abu Dhabi
160,Betta,Toffic,Betta.Toffic@yopmail.com,Wonsan
161,Nyssa,Ephrem,Nyssa.Ephrem@yopmail.com,Paramaribo
162,Mignon,Cressida,Mignon.Cressida@yopmail.com,Baltimore
163,Mady,Hoban,Mady.Hoban@yopmail.com,Toulouse
164,Ethel,Nelsen,Ethel.Nelsen@yopmail.com,Rio Branco
165,Micheline,Modie,Micheline.Modie@yopmail.com,Brikama
166,Elvira,Brodench,Elvira.Brodench@yopmail.com,Pittsburgh
167,Janey,Parsaye,Janey.Parsaye@yopmail.com,Kyoto
168,Valli,Dalli,Valli.Dalli@yopmail.com,San José
169,Theodora,Podvin,Theodora.Podvin@yopmail.com,New Delhi
170,Hermione,Beebe,Hermione.Beebe@yopmail.com,Puerto Williams
171,Zondra,Lipson,Zondra.Lipson@yopmail.com,Cotonou
172,Emelina,Solitta,Emelina.Solitta@yopmail.com,Milan
173,Harmonia,Fillbert,Harmonia.Fillbert@yopmail.com,Belgrade
174,Joy,Sholley,Joy.Sholley@yopmail.com,Beijing
175,Xylina,Melony,Xylina.Melony@yopmail.com,Charlottetown
176,Caressa,Bahr,Caressa.Bahr@yopmail.com,Bangkok
177,Abbie,Isidore,Abbie.Isidore@yopmail.com,Cotonou
178,Claresta,Kussell,Claresta.Kussell@yopmail.com,Porto Alegre
179,Chickie,Susannah,Chickie.Susannah@yopmail.com,Taiyuan
180,Merci,Lay,Merci.Lay@yopmail.com,Lviv
181,Charmaine,Fulmer,Charmaine.Fulmer@yopmail.com,Khartoum
182,Dulcinea,Corrine,Dulcinea.Corrine@yopmail.com,Perth
183,Shirlee,Leifeste,Shirlee.Leifeste@yopmail.com,Nuuk
184,Rebeca,Merat,Rebeca.Merat@yopmail.com,Banda Aceh
185,Heddie,Dituri,Heddie.Dituri@yopmail.com,Port Blair
186,Cristabel,Jeanne,Cristabel.Jeanne@yopmail.com,Siem Reap
187,Shaylyn,Obed,Shaylyn.Obed@yopmail.com,Batticaloa
188,Atlanta,Roscoe,Atlanta.Roscoe@yopmail.com,Austin
189,Tori,Hirsch,Tori.Hirsch@yopmail.com,Porto Velho
190,Gisela,Presber,Gisela.Presber@yopmail.com,Recife
191,Alleen,Henrie,Alleen.Henrie@yopmail.com,Greenwich
192,Emmey,Fontana,Emmey.Fontana@yopmail.com,Handan
193,Cacilie,Callista,Cacilie.Callista@yopmail.com,Wuhan
194,Randa,Eachern,Randa.Eachern@yopmail.com,Sacramento
195,Cristine,Terrence,Cristine.Terrence@yopmail.com,Toronto
196,Noelle,Seligman,Noelle.Seligman@yopmail.com,Bratsk
197,Miquela,Schlosser,Miquela.Schlosser@yopmail.com,Agartala
198,Madelle,Vary,Madelle.Vary@yopmail.com,Simferopol
199,Dione,Fancie,Dione.Fancie@yopmail.com,Palma
200,Fina,Chapland,Fina.Chapland@yopmail.com,San Diego
201,Clarice,Havens,Clarice.Havens@yopmail.com,Iqaluit
202,Rosanne,Swanhildas,Rosanne.Swanhildas@yopmail.com,Freetown
203,Kellen,Dorine,Kellen.Dorine@yopmail.com,Cayenne
204,Berget,Luhe,Berget.Luhe@yopmail.com,Monterrey
205,Molli,Geffner,Molli.Geffner@yopmail.com,Huế
206,Anallese,Croix,Anallese.Croix@yopmail.com,Calama
207,Barbara,Medrek,Barbara.Medrek@yopmail.com,Tabriz
208,Randa,Emanuel,Randa.Emanuel@yopmail.com,Ürümqi
209,Millie,Rosalba,Millie.Rosalba@yopmail.com,Reykjavík
210,Donnie,O'Carroll,Donnie.O'Carroll@yopmail.com,Malé
211,Janis,Isacco,Janis.Isacco@yopmail.com,Bridgetown
212,Tomasina,Zina,Tomasina.Zina@yopmail.com,Johannesburg
213,Amalie,Bandeen,Amalie.Bandeen@yopmail.com,Jerusalem
214,Georgina,Raychel,Georgina.Raychel@yopmail.com,Tabriz
215,Willetta,Craggie,Willetta.Craggie@yopmail.com,Dublin
216,Tera,Eben,Tera.Eben@yopmail.com,Dubai
217,Lorenza,Nisbet,Lorenza.Nisbet@yopmail.com,Whitehorse
218,Benita,Pip,Benita.Pip@yopmail.com,Milan
219,Collen,Schalles,Collen.Schalles@yopmail.com,Chişinău
220,Jerry,Kendrick,Jerry.Kendrick@yopmail.com,Wichita
221,Lila,Tamar,Lila.Tamar@yopmail.com,Espoo
222,Louella,Vacuva,Louella.Vacuva@yopmail.com,Tartu
223,Deloria,Euridice,Deloria.Euridice@yopmail.com,Jaipur
224,Emma,Torray,Emma.Torray@yopmail.com,Recife
225,Cecile,Center,Cecile.Center@yopmail.com,Cape Town
226,Carolina,Autrey,Carolina.Autrey@yopmail.com,London
227,Christal,Edison,Christal.Edison@yopmail.com,Dubai
228,Tabbatha,Mitzi,Tabbatha.Mitzi@yopmail.com,Basse-Terre
229,Mamie,Camden,Mamie.Camden@yopmail.com,Jersey City
230,Mary,Audly,Mary.Audly@yopmail.com,Johannesburg
231,Harmonia,Angelis,Harmonia.Angelis@yopmail.com,São Paulo
232,Jere,Hashim,Jere.Hashim@yopmail.com,Paramaribo
233,Leontine,Bivins,Leontine.Bivins@yopmail.com,New York City
234,Estell,Abram,Estell.Abram@yopmail.com,Dushanbe
235,Willetta,Raffo,Willetta.Raffo@yopmail.com,Zürich
236,Brynna,Dulciana,Brynna.Dulciana@yopmail.com,Sydney
237,Rivalee,Milson,Rivalee.Milson@yopmail.com,Douala
238,Agathe,Sabella,Agathe.Sabella@yopmail.com,Majuro
239,Maryellen,MacIntosh,Maryellen.MacIntosh@yopmail.com,Bucharest
240,Claresta,Lacombe,Claresta.Lacombe@yopmail.com,Dresden
241,Karina,Mullane,Karina.Mullane@yopmail.com,Kabul
242,Sashenka,Quent,Sashenka.Quent@yopmail.com,Adana
243,Ezmeralda,Azeria,Ezmeralda.Azeria@yopmail.com,Valencia
244,Dolli,Lia,Dolli.Lia@yopmail.com,Thessaloniki
245,Devina,Pulsifer,Devina.Pulsifer@yopmail.com,Daegu
246,Mamie,Cavan,Mamie.Cavan@yopmail.com,Busan
247,Dede,Harl,Dede.Harl@yopmail.com,Chiang Mai
248,Aurelie,Gordon,Aurelie.Gordon@yopmail.com,Seville
249,Fredericka,Zetta,Fredericka.Zetta@yopmail.com,Nukus
250,Gilligan,Buffum,Gilligan.Buffum@yopmail.com,Manama
251,Kore,Ephrem,Kore.Ephrem@yopmail.com,Edinburgh
252,Beatriz,Chapland,Beatriz.Chapland@yopmail.com,Manila
253,Elyssa,Albertine,Elyssa.Albertine@yopmail.com,City of San Marino
254,June,Emerson,June.Emerson@yopmail.com,Jinan
255,Lory,Anton,Lory.Anton@yopmail.com,Semarang
256,Corry,Libna,Corry.Libna@yopmail.com,Tamale
257,Ursulina,Colleen,Ursulina.Colleen@yopmail.com,N'Djamena
258,Hyacinthe,Merna,Hyacinthe.Merna@yopmail.com,Toulouse
259,Dotty,Leffen,Dotty.Leffen@yopmail.com,Bujumbura
260,Marcy,Franza,Marcy.Franza@yopmail.com,Padang
261,Tarra,Nadia,Tarra.Nadia@yopmail.com,Kuching
262,Tierney,Hutchison,Tierney.Hutchison@yopmail.com,Newcastle
263,Tina,Adalbert,Tina.Adalbert@yopmail.com,Srinagar
264,Emma,Anyah,Emma.Anyah@yopmail.com,Cali
265,Taffy,Sparhawk,Taffy.Sparhawk@yopmail.com,Adana
266,Glenda,Gherardo,Glenda.Gherardo@yopmail.com,Dodoma
267,Lacie,Howlyn,Lacie.Howlyn@yopmail.com,Raleigh
268,Cassondra,Agle,Cassondra.Agle@yopmail.com,Gaborone
269,Raf,Magnolia,Raf.Magnolia@yopmail.com,Patna
270,Anthia,Sisile,Anthia.Sisile@yopmail.com,Patna
271,Gaylene,Charity,Gaylene.Charity@yopmail.com,Naples
272,Sandie,LaRue,Sandie.LaRue@yopmail.com,Malé
273,Renae,Zina,Renae.Zina@yopmail.com,Lahore
274,Karina,Lamoree,Karina.Lamoree@yopmail.com,Kawasaki
275,Florencia,Ader,Florencia.Ader@yopmail.com,Yokohama
276,Marjie,Gordon,Marjie.Gordon@yopmail.com,Malmö
277,Starla,Allare,Starla.Allare@yopmail.com,Bergen
278,Cyndie,Iaverne,Cyndie.Iaverne@yopmail.com,Tucson
279,Mireielle,Weaks,Mireielle.Weaks@yopmail.com,Jeddah
280,Sadie,Howlyn,Sadie.Howlyn@yopmail.com,City of San Marino
281,Lanna,Arquit,Lanna.Arquit@yopmail.com,Calama
282,Ayn,Wesle,Ayn.Wesle@yopmail.com,Alofi
283,Daryl,Thar,Daryl.Thar@yopmail.com,Baghdad
284,Jillayne,Junie,Jillayne.Junie@yopmail.com,Charlotte Amalie
285,Krystle,Wadell,Krystle.Wadell@yopmail.com,Thimphu
286,Bertine,Hourigan,Bertine.Hourigan@yopmail.com,Zagreb
287,Phedra,Franza,Phedra.Franza@yopmail.com,Lagos
288,Dede,Reidar,Dede.Reidar@yopmail.com,Austin
289,Eolanda,Olin,Eolanda.Olin@yopmail.com,Belém
290,Janenna,Delp,Janenna.Delp@yopmail.com,Wuhan
291,Loree,Nelsen,Loree.Nelsen@yopmail.com,Naypyidaw
292,Keelia,Ferrell,Keelia.Ferrell@yopmail.com,Chiang Mai
293,Jillayne,Maryanne,Jillayne.Maryanne@yopmail.com,Brikama
294,Andeee,Jammal,Andeee.Jammal@yopmail.com,Douglas
295,Sheree,Blase,Sheree.Blase@yopmail.com,Beijing
296,Pollyanna,Bakerman,Pollyanna.Bakerman@yopmail.com,Banda Aceh
297,Ermengarde,Emanuel,Ermengarde.Emanuel@yopmail.com,Addis Ababa
298,Giustina,Hartnett,Giustina.Hartnett@yopmail.com,Mexicali
299,Constance,Cottle,Constance.Cottle@yopmail.com,El Paso
300,Darlleen,Lissi,Darlleen.Lissi@yopmail.com,Accra
301,Aeriela,Haerr,Aeriela.Haerr@yopmail.com,Philadelphia
302,Larine,Delacourt,Larine.Delacourt@yopmail.com,Tucson
303,Elbertina,Gavrila,Elbertina.Gavrila@yopmail.com,Santiago
304,Melisent,Marden,Melisent.Marden@yopmail.com,Pattaya
305,Ursulina,Justinn,Ursulina.Justinn@yopmail.com,Surat
306,Alejandra,Pierette,Alejandra.Pierette@yopmail.com,Kigali
307,Aigneis,Chobot,Aigneis.Chobot@yopmail.com,Moroni
308,Teriann,Grosz,Teriann.Grosz@yopmail.com,Dammam
309,Gratia,Darian,Gratia.Darian@yopmail.com,City of Halifax
310,Aigneis,Decato,Aigneis.Decato@yopmail.com,Port Vila
311,Merry,Martsen,Merry.Martsen@yopmail.com,Manzini
312,Hyacinthe,Natica,Hyacinthe.Natica@yopmail.com,Riga
313,Christian,Winnick,Christian.Winnick@yopmail.com,Birmingham
314,Almeta,Clara,Almeta.Clara@yopmail.com,Madrid
315,Averyl,Hollingsworth,Averyl.Hollingsworth@yopmail.com,Manila
316,Harmonia,Lynn,Harmonia.Lynn@yopmail.com,Cologne
317,Lilith,Wenoa,Lilith.Wenoa@yopmail.com,Toulouse
318,Lenna,Schonfeld,Lenna.Schonfeld@yopmail.com,Yokohama
319,Micheline,Amasa,Micheline.Amasa@yopmail.com,Milan
320,Blake,Forrer,Blake.Forrer@yopmail.com,Tirana
321,Mary,Allys,Mary.Allys@yopmail.com,Xining
322,Odessa,Morrill,Odessa.Morrill@yopmail.com,Louisville
323,Margarette,Caitlin,Margarette.Caitlin@yopmail.com,City of Halifax
324,Clary,Fosque,Clary.Fosque@yopmail.com,Munich
325,Amara,Santoro,Amara.Santoro@yopmail.com,Alexandria
326,Sherrie,Fosque,Sherrie.Fosque@yopmail.com,Mashhad
327,Malina,Ellerey,Malina.Ellerey@yopmail.com,Macau
328,Kayla,Carmena,Kayla.Carmena@yopmail.com,Hagåtña
329,Amara,Darian,Amara.Darian@yopmail.com,Seattle
330,Evita,Soneson,Evita.Soneson@yopmail.com,Sana'a
331,Barbara,Maryanne,Barbara.Maryanne@yopmail.com,Palikir
332,Ana,Anestassia,Ana.Anestassia@yopmail.com,Honiara
333,Dorthy,Herrera,Dorthy.Herrera@yopmail.com,South Tarawa
334,Selma,Solitta,Selma.Solitta@yopmail.com,Bandung
335,Jerry,Maiah,Jerry.Maiah@yopmail.com,Shijiazhuang
336,Shaine,Greenwald,Shaine.Greenwald@yopmail.com,Asmara
337,Jasmina,Hedve,Jasmina.Hedve@yopmail.com,Fredericton
338,Gale,Erskine,Gale.Erskine@yopmail.com,Bogotá
339,Dominga,Hillel,Dominga.Hillel@yopmail.com,Bucharest
340,Elena,Ader,Elena.Ader@yopmail.com,Asunción
341,Gaylene,Carey,Gaylene.Carey@yopmail.com,Timbuktu
342,Mady,Azeria,Mady.Azeria@yopmail.com,Cape Town
343,Melisent,Baptlsta,Melisent.Baptlsta@yopmail.com,George Town
344,Cam,Ashok,Cam.Ashok@yopmail.com,Douglas
345,Millie,Clarissa,Millie.Clarissa@yopmail.com,Antofagasta
346,Deane,Klemperer,Deane.Klemperer@yopmail.com,Manila
347,Henriette,Saree,Henriette.Saree@yopmail.com,Da Nang
348,Daphne,Lilas,Daphne.Lilas@yopmail.com,Tallinn
349,Chere,Dominy,Chere.Dominy@yopmail.com,Nashville
350,Ekaterina,Jacobah,Ekaterina.Jacobah@yopmail.com,Perm
351,Marline,Burnside,Marline.Burnside@yopmail.com,Sapporo
352,Claudina,Tufts,Claudina.Tufts@yopmail.com,Douala
353,Konstance,Curren,Konstance.Curren@yopmail.com,N'Djamena
354,Bee,Faso,Bee.Faso@yopmail.com,Accra
355,Layla,Wu,Layla.Wu@yopmail.com,Louisville
356,Chandra,Odell,Chandra.Odell@yopmail.com,Nizhny Novgorod
357,Mallory,Quent,Mallory.Quent@yopmail.com,Lisbon
358,Lucy,Drus,Lucy.Drus@yopmail.com,Ibadan
359,Maridel,Dannye,Maridel.Dannye@yopmail.com,Miri
360,Hope,Herrera,Hope.Herrera@yopmail.com,Hong Kong
361,Kathy,Delacourt,Kathy.Delacourt@yopmail.com,Malang
362,Gertrud,Heidt,Gertrud.Heidt@yopmail.com,Yerevan
363,Bettine,Konyn,Bettine.Konyn@yopmail.com,Douglas
364,Marcelline,Maryanne,Marcelline.Maryanne@yopmail.com,Bujumbura
365,Cyndie,Darian,Cyndie.Darian@yopmail.com,Makassar
366,Justinn,Christine,Justinn.Christine@yopmail.com,Bangkok
367,Lesly,Philoo,Lesly.Philoo@yopmail.com,Shijiazhuang
368,Jsandye,Keelia,Jsandye.Keelia@yopmail.com,Banjul
369,Devina,Barbey,Devina.Barbey@yopmail.com,Labasa
370,Mathilda,Oneida,Mathilda.Oneida@yopmail.com,Qingdao
371,Iseabal,Ietta,Iseabal.Ietta@yopmail.com,Porto Alegre
372,Gale,Malvino,Gale.Malvino@yopmail.com,Yokohama
373,Randa,Shelba,Randa.Shelba@yopmail.com,Jayapura
374,Maud,Hamil,Maud.Hamil@yopmail.com,Dushanbe
375,Winny,Vastah,Winny.Vastah@yopmail.com,Bursa
376,Flory,Paine,Flory.Paine@yopmail.com,Yaren District
377,Evita,Francene,Evita.Francene@yopmail.com,Manchester
378,Priscilla,Vins,Priscilla.Vins@yopmail.com,Melekeok
379,Aurelie,Ezar,Aurelie.Ezar@yopmail.com,Tehran
380,Jerry,Marden,Jerry.Marden@yopmail.com,Nicosia
381,Daphne,Bashemeth,Daphne.Bashemeth@yopmail.com,Shillong
382,Joane,Martguerita,Joane.Martguerita@yopmail.com,Quezon City
383,Blinni,Imelida,Blinni.Imelida@yopmail.com,Nassau
384,Kristina,Margret,Kristina.Margret@yopmail.com,San Diego
385,Lelah,Christal,Lelah.Christal@yopmail.com,Medina
386,Alejandra,Himelman,Alejandra.Himelman@yopmail.com,Bogotá
387,Merry,Wildermuth,Merry.Wildermuth@yopmail.com,Port Said
388,Ruthe,Baudin,Ruthe.Baudin@yopmail.com,Cleveland
389,Mellicent,Publia,Mellicent.Publia@yopmail.com,Chicago
390,Arabel,Ietta,Arabel.Ietta@yopmail.com,Tskhinvali
391,Carmencita,Timon,Carmencita.Timon@yopmail.com,Luanda
392,Edith,Gusella,Edith.Gusella@yopmail.com,Puerto Williams
393,Mignon,Tengdin,Mignon.Tengdin@yopmail.com,Nashville
394,Celene,Heidt,Celene.Heidt@yopmail.com,Surat Thani
395,Zaria,Pierette,Zaria.Pierette@yopmail.com,Kanpur
396,Edee,Trey,Edee.Trey@yopmail.com,Boston
397,Quintina,Rustice,Quintina.Rustice@yopmail.com,Amsterdam
398,Merle,Newell,Merle.Newell@yopmail.com,Wichita
399,Kamilah,Whittaker,Kamilah.Whittaker@yopmail.com,Balikpapan
400,Jasmina,Reidar,Jasmina.Reidar@yopmail.com,Ibiza
401,Karina,Terrence,Karina.Terrence@yopmail.com,Amritsar
402,Keelia,Bach,Keelia.Bach@yopmail.com,Mumbai
403,Karly,Wildermuth,Karly.Wildermuth@yopmail.com,El Aaiún
404,Emma,Grayce,Emma.Grayce@yopmail.com,Jayapura
405,Margarette,McAdams,Margarette.McAdams@yopmail.com,Skopje
406,Ida,Alice,Ida.Alice@yopmail.com,Pyongyang
407,Emmey,Juan,Emmey.Juan@yopmail.com,Doha
408,Hyacinthe,Waite,Hyacinthe.Waite@yopmail.com,Lahore
409,Maud,Joachim,Maud.Joachim@yopmail.com,Málaga
410,Vonny,Urania,Vonny.Urania@yopmail.com,Nairobi
411,Rori,Agle,Rori.Agle@yopmail.com,Copenhagen
412,Aeriela,Plato,Aeriela.Plato@yopmail.com,Yogyakarta (city)
413,Kore,Glenden,Kore.Glenden@yopmail.com,Honolulu
414,Sandie,Richers,Sandie.Richers@yopmail.com,Freetown
415,Willetta,Idelia,Willetta.Idelia@yopmail.com,Adamstown
416,Daryl,Velick,Daryl.Velick@yopmail.com,Wichita
417,Caressa,Oster,Caressa.Oster@yopmail.com,Tianjin
418,Renae,Whiffen,Renae.Whiffen@yopmail.com,Seville
419,Ardeen,Sisile,Ardeen.Sisile@yopmail.com,Perm
420,Courtnay,Cloris,Courtnay.Cloris@yopmail.com,Ponta Delgada
421,Orelia,Kazimir,Orelia.Kazimir@yopmail.com,Kraków
422,Arlena,Sikorski,Arlena.Sikorski@yopmail.com,Castries
423,Ira,Khorma,Ira.Khorma@yopmail.com,Manama
424,Eadie,Loring,Eadie.Loring@yopmail.com,Malabo
425,Bettine,Sasnett,Bettine.Sasnett@yopmail.com,Abidjan
426,Caryl,Hedve,Caryl.Hedve@yopmail.com,Rosario
427,Rubie,Erminia,Rubie.Erminia@yopmail.com,Roseau
428,Corene,Amadas,Corene.Amadas@yopmail.com,Bandar Seri Begawan
429,Regina,Bronk,Regina.Bronk@yopmail.com,Leipzig
430,Rochette,Ingra,Rochette.Ingra@yopmail.com,Batticaloa
431,Orelia,Jenness,Orelia.Jenness@yopmail.com,Ndola
432,Trudie,Juliet,Trudie.Juliet@yopmail.com,Tamale
433,Giustina,Ariella,Giustina.Ariella@yopmail.com,Xining
434,Emilia,Clywd,Emilia.Clywd@yopmail.com,Kaohsiung
435,Dorthy,Baptlsta,Dorthy.Baptlsta@yopmail.com,Jacksonville
436,Emma,Blake,Emma.Blake@yopmail.com,Palikir
437,Lory,Nance,Lory.Nance@yopmail.com,Damascus
438,Micheline,Stephie,Micheline.Stephie@yopmail.com,Dongguan
439,Imojean,Turne,Imojean.Turne@yopmail.com,Omdurman
440,Candy,Gavrila,Candy.Gavrila@yopmail.com,Saint John
441,Natka,Macey,Natka.Macey@yopmail.com,Hobart
442,Bobinette,Giule,Bobinette.Giule@yopmail.com,Aberdeen
443,Louella,Brenn,Louella.Brenn@yopmail.com,Antwerp
444,Claudina,Bryna,Claudina.Bryna@yopmail.com,Vatican City
445,Alyda,Grosz,Alyda.Grosz@yopmail.com,Almaty
446,Amelia,Cyrie,Amelia.Cyrie@yopmail.com,Lobamba
447,Brandise,Tippets,Brandise.Tippets@yopmail.com,Norilsk
448,Melina,Mich,Melina.Mich@yopmail.com,La Serena
449,Raf,Delp,Raf.Delp@yopmail.com,Seattle
450,Carmencita,Verger,Carmencita.Verger@yopmail.com,Funafuti
451,Donnie,Yusuk,Donnie.Yusuk@yopmail.com,Livingstone
452,Marcy,Pulsifer,Marcy.Pulsifer@yopmail.com,Bloemfontein
453,Minda,Sibyls,Minda.Sibyls@yopmail.com,Durban
454,Trixi,Durware,Trixi.Durware@yopmail.com,Ndola
455,Courtnay,Halla,Courtnay.Halla@yopmail.com,Santiago de Cuba
456,Merrie,Stover,Merrie.Stover@yopmail.com,Dhaka
457,Noelle,Klotz,Noelle.Klotz@yopmail.com,Seville
458,Minda,Wattenberg,Minda.Wattenberg@yopmail.com,Tokyo
459,Eolanda,Haymes,Eolanda.Haymes@yopmail.com,Geelong
460,Adriana,Afton,Adriana.Afton@yopmail.com,Strasbourg
461,Myriam,Tremayne,Myriam.Tremayne@yopmail.com,Leipzig
462,Regina,Sprage,Regina.Sprage@yopmail.com,Cuiabá
463,Carmencita,Zaslow,Carmencita.Zaslow@yopmail.com,El Aaiún
464,Dione,Kirbee,Dione.Kirbee@yopmail.com,Pretoria
465,Sue,Oriana,Sue.Oriana@yopmail.com,Riga
466,Yolane,Ephrem,Yolane.Ephrem@yopmail.com,Campinas
467,Briney,Angelis,Briney.Angelis@yopmail.com,Nukulaelae
468,Rori,Buffum,Rori.Buffum@yopmail.com,Nicosia
469,Ruthe,Cimbura,Ruthe.Cimbura@yopmail.com,Magadan
470,Dorice,Shaddock,Dorice.Shaddock@yopmail.com,Bern
471,Nannie,Faso,Nannie.Faso@yopmail.com,Port Said
472,Adelle,Gwenore,Adelle.Gwenore@yopmail.com,Bern
473,Kristina,Maryanne,Kristina.Maryanne@yopmail.com,Taiyuan
474,Hallie,Bethany,Hallie.Bethany@yopmail.com,Cebu City
475,Chastity,Howlyn,Chastity.Howlyn@yopmail.com,Bratsk
476,Elka,Mitzi,Elka.Mitzi@yopmail.com,Kinshasa
477,Marleah,Nisbet,Marleah.Nisbet@yopmail.com,Valdivia
478,Briney,Malanie,Briney.Malanie@yopmail.com,Conakry
479,Tilly,Ehrman,Tilly.Ehrman@yopmail.com,San José
480,Katharina,Caitlin,Katharina.Caitlin@yopmail.com,Harbin
481,Margette,Goddard,Margette.Goddard@yopmail.com,Washington
482,Ulrike,Aida,Ulrike.Aida@yopmail.com,Magadan
483,Glenda,Ball,Glenda.Ball@yopmail.com,Horta (Azores)
484,Joceline,Cynar,Joceline.Cynar@yopmail.com,Ludhiana
485,Aili,Raimondo,Aili.Raimondo@yopmail.com,Yokohama
486,Christy,Dearborn,Christy.Dearborn@yopmail.com,St. George's
487,Leona,Giff,Leona.Giff@yopmail.com,Madrid
488,Caryl,Kress,Caryl.Kress@yopmail.com,Frankfurt
489,Pearline,Jena,Pearline.Jena@yopmail.com,Shenyang
490,Lynde,Kare,Lynde.Kare@yopmail.com,Espoo
491,Emmey,Jacqui,Emmey.Jacqui@yopmail.com,Concepción
492,Elora,Joli,Elora.Joli@yopmail.com,Horta (Azores)
493,Kristina,Margarete,Kristina.Margarete@yopmail.com,Beirut
494,Luci,Girardo,Luci.Girardo@yopmail.com,Douala
495,Orsola,Elbertina,Orsola.Elbertina@yopmail.com,Xining
496,Aili,Hourigan,Aili.Hourigan@yopmail.com,Abu Dhabi
497,Vinita,Goth,Vinita.Goth@yopmail.com,Puerto Williams
498,Quintina,Tillford,Quintina.Tillford@yopmail.com,Kawasaki
499,Renie,Grimbly,Renie.Grimbly@yopmail.com,Jakarta
500,Hettie,Bonucci,Hettie.Bonucci@yopmail.com,Rosario
501,Joane,Joli,Joane.Joli@yopmail.com,Maseru
502,Mamie,Kare,Mamie.Kare@yopmail.com,Mwanza
503,Silvana,Eldrid,Silvana.Eldrid@yopmail.com,Birmingham
504,Alyda,Lenny,Alyda.Lenny@yopmail.com,Kandahar
505,Eve,Breed,Eve.Breed@yopmail.com,Chengdu
506,Concettina,Audly,Concettina.Audly@yopmail.com,Algiers
507,Sean,Kat,Sean.Kat@yopmail.com,Malacca Town
508,Trixi,Goddard,Trixi.Goddard@yopmail.com,Nagpur
509,Claresta,Gemini,Claresta.Gemini@yopmail.com,Roseau
510,Lisette,Cutlerr,Lisette.Cutlerr@yopmail.com,Medina
511,Michaelina,Seagraves,Michaelina.Seagraves@yopmail.com,Namangan
512,Lucy,Yerkovich,Lucy.Yerkovich@yopmail.com,Quezon City
513,Hallie,Rugen,Hallie.Rugen@yopmail.com,Kabul
514,Roseline,Campball,Roseline.Campball@yopmail.com,Mumbai
515,Genevra,Duwalt,Genevra.Duwalt@yopmail.com,Salzburg
516,Georgina,Vorster,Georgina.Vorster@yopmail.com,Douala
517,Rhoda,Raseda,Rhoda.Raseda@yopmail.com,Bamako
518,Mara,Regan,Mara.Regan@yopmail.com,Rio de Janeiro
519,Nessie,Martguerita,Nessie.Martguerita@yopmail.com,Monrovia
520,Lorne,Abernon,Lorne.Abernon@yopmail.com,Hangzhou
521,Melina,Karna,Melina.Karna@yopmail.com,Cotonou
522,Karina,Bouchard,Karina.Bouchard@yopmail.com,Innsbruck
523,Morganica,Shields,Morganica.Shields@yopmail.com,Dublin
524,Tracey,Levey,Tracey.Levey@yopmail.com,Conakry
525,Kaia,Cimbura,Kaia.Cimbura@yopmail.com,Batticaloa
526,Ana,Jarib,Ana.Jarib@yopmail.com,Cork (city)
527,Malina,Barbey,Malina.Barbey@yopmail.com,Konya
528,Tabbatha,Beebe,Tabbatha.Beebe@yopmail.com,Bern
529,Emma,Pyle,Emma.Pyle@yopmail.com,Tehran
530,Debee,Deegan,Debee.Deegan@yopmail.com,Edinburgh
531,Bettine,Olnee,Bettine.Olnee@yopmail.com,Kolkata
532,Latisha,Screens,Latisha.Screens@yopmail.com,Bangui
533,Gretal,Horan,Gretal.Horan@yopmail.com,Nukulaelae
534,Ira,Hunfredo,Ira.Hunfredo@yopmail.com,Campinas
535,Cyndie,Carri,Cyndie.Carri@yopmail.com,Jinan
536,Lucille,Carleen,Lucille.Carleen@yopmail.com,Praia
537,Clo,Ariella,Clo.Ariella@yopmail.com,Buffalo
538,Glynnis,Bartlett,Glynnis.Bartlett@yopmail.com,Nanning
539,Judy,Dreda,Judy.Dreda@yopmail.com,Chengdu
540,Hyacinthe,Crudden,Hyacinthe.Crudden@yopmail.com,Stuttgart
541,Jolyn,Emanuel,Jolyn.Emanuel@yopmail.com,Shijiazhuang
542,Delilah,Winthorpe,Delilah.Winthorpe@yopmail.com,Bucharest
543,Randa,Flita,Randa.Flita@yopmail.com,Douala
544,Britni,Gillan,Britni.Gillan@yopmail.com,Bissau
545,Christy,Cleavland,Christy.Cleavland@yopmail.com,Accra
546,Linzy,Gemini,Linzy.Gemini@yopmail.com,Bridgetown
547,Liana,Charmine,Liana.Charmine@yopmail.com,Surabaya
548,Jaclyn,Catie,Jaclyn.Catie@yopmail.com,St. Louis
549,Kial,Maiah,Kial.Maiah@yopmail.com,Shigatse
550,Gabriellia,Sheng,Gabriellia.Sheng@yopmail.com,Nicosia
551,Orsola,Aloise,Orsola.Aloise@yopmail.com,Paris
552,Amalie,Bronk,Amalie.Bronk@yopmail.com,Ashgabat
553,Roseline,Crudden,Roseline.Crudden@yopmail.com,Denpasar
554,Felice,Leopold,Felice.Leopold@yopmail.com,Amsterdam
555,Bee,Edmund,Bee.Edmund@yopmail.com,San Fernando
556,Dagmar,Rubie,Dagmar.Rubie@yopmail.com,Málaga
557,Gui,Dermott,Gui.Dermott@yopmail.com,Bratislava
558,Lacie,Briney,Lacie.Briney@yopmail.com,Tampa
559,Belinda,Skurnik,Belinda.Skurnik@yopmail.com,Thessaloniki
560,Shaylyn,Kress,Shaylyn.Kress@yopmail.com,Yaren District
561,Annora,Jethro,Annora.Jethro@yopmail.com,Horta (Azores)
562,Correy,Audly,Correy.Audly@yopmail.com,Weno
563,Drucie,Giff,Drucie.Giff@yopmail.com,Kano
564,Lila,Eiser,Lila.Eiser@yopmail.com,New York City
565,Nerta,Alcott,Nerta.Alcott@yopmail.com,Kiev
566,Tori,Brotherson,Tori.Brotherson@yopmail.com,Quito
567,Katharina,Bahr,Katharina.Bahr@yopmail.com,Lisbon
568,Jobi,Rugen,Jobi.Rugen@yopmail.com,Novosibirsk
569,Christian,Bartlett,Christian.Bartlett@yopmail.com,El Paso
570,Roxane,Oriana,Roxane.Oriana@yopmail.com,Hanga Roa
571,Veda,Bashemeth,Veda.Bashemeth@yopmail.com,Tunis
572,Wileen,Randene,Wileen.Randene@yopmail.com,Lagos
573,Hallie,Cutlerr,Hallie.Cutlerr@yopmail.com,Cockburn Town
574,Jsandye,Edee,Jsandye.Edee@yopmail.com,Vaduz
575,Robbi,Bibi,Robbi.Bibi@yopmail.com,Winnipeg
576,Noelle,Cleavland,Noelle.Cleavland@yopmail.com,Kobe
577,Ardys,Lacombe,Ardys.Lacombe@yopmail.com,Tartu
578,Deane,Garlinda,Deane.Garlinda@yopmail.com,Gangtok
579,Sibella,Markman,Sibella.Markman@yopmail.com,Fairbanks
580,Florie,Fabiola,Florie.Fabiola@yopmail.com,Port Said
581,Cacilie,Carbo,Cacilie.Carbo@yopmail.com,Nakhon Ratchasima
582,Lesly,Boehike,Lesly.Boehike@yopmail.com,Leipzig
583,Sophia,Vilma,Sophia.Vilma@yopmail.com,Nashville
584,Lesly,Maples,Lesly.Maples@yopmail.com,Valletta
585,Karlee,Elsinore,Karlee.Elsinore@yopmail.com,Tamale
586,Pearline,Tound,Pearline.Tound@yopmail.com,Alofi
587,Stephanie,Kendrick,Stephanie.Kendrick@yopmail.com,Basse-Terre
588,Karly,Bouchard,Karly.Bouchard@yopmail.com,Iloilo City
589,Farrah,Bluh,Farrah.Bluh@yopmail.com,Las Palmas de Gran Canaria
590,Corry,Moseley,Corry.Moseley@yopmail.com,Djibouti (city)
591,Molli,Richers,Molli.Richers@yopmail.com,Gangtok
592,Brena,Quent,Brena.Quent@yopmail.com,Thimphu
593,Maurene,Ethban,Maurene.Ethban@yopmail.com,Havana
594,Corene,Ferrell,Corene.Ferrell@yopmail.com,Mérida
595,Daune,Markman,Daune.Markman@yopmail.com,Pekanbaru
596,Britte,Kolnick,Britte.Kolnick@yopmail.com,San Salvador
597,Sallie,Primalia,Sallie.Primalia@yopmail.com,Makati City
598,Gilligan,Zola,Gilligan.Zola@yopmail.com,Hiroshima
599,Rhea,Yate,Rhea.Yate@yopmail.com,Kingston
600,Kara-Lynn,Leifeste,Kara-Lynn.Leifeste@yopmail.com,Santiago
601,Rayna,Grimbly,Rayna.Grimbly@yopmail.com,Stockholm
602,Viviene,Nance,Viviene.Nance@yopmail.com,Suva
603,Lesly,Wittie,Lesly.Wittie@yopmail.com,Pattaya
604,Ayn,Goerke,Ayn.Goerke@yopmail.com,Beirut
605,Roz,Kosey,Roz.Kosey@yopmail.com,Brisbane
606,Tilly,Lasley,Tilly.Lasley@yopmail.com,Luxor
607,Antonietta,Decato,Antonietta.Decato@yopmail.com,Pristina
608,Gloria,Moina,Gloria.Moina@yopmail.com,Damascus
609,Riannon,Wyn,Riannon.Wyn@yopmail.com,Leipzig
610,Helena,Swanhildas,Helena.Swanhildas@yopmail.com,Cork (city)
611,Max,Wittie,Max.Wittie@yopmail.com,Luxor
612,Dari,Annice,Dari.Annice@yopmail.com,Doha
613,Sissy,Francene,Sissy.Francene@yopmail.com,Christchurch
614,Lory,Glenden,Lory.Glenden@yopmail.com,Padang
615,Nanete,Sancho,Nanete.Sancho@yopmail.com,Caracas
616,Ada,Giff,Ada.Giff@yopmail.com,Seattle
617,Jaime,Odell,Jaime.Odell@yopmail.com,Luanda
618,Veda,Dannye,Veda.Dannye@yopmail.com,Nouméa
619,Neila,Plato,Neila.Plato@yopmail.com,Valencia
620,Jemie,Erich,Jemie.Erich@yopmail.com,Karachi
621,Latisha,Garbe,Latisha.Garbe@yopmail.com,Yekaterinburg
622,Riannon,Mata,Riannon.Mata@yopmail.com,Honiara
623,Antonietta,Phaidra,Antonietta.Phaidra@yopmail.com,São Tomé
624,Regina,Thilda,Regina.Thilda@yopmail.com,Hiroshima
625,Fidelia,Arathorn,Fidelia.Arathorn@yopmail.com,Amman
626,Corly,Carri,Corly.Carri@yopmail.com,Lusaka
627,Gretal,Francene,Gretal.Francene@yopmail.com,Dresden
628,Pollyanna,Daveta,Pollyanna.Daveta@yopmail.com,San Francisco
629,Gabriellia,Chick,Gabriellia.Chick@yopmail.com,Porto Alegre
630,Frances,Francyne,Frances.Francyne@yopmail.com,Malé
631,Lila,Evangelia,Lila.Evangelia@yopmail.com,Port Louis
632,Zaria,Rad,Zaria.Rad@yopmail.com,Belfast
633,Fanchon,Cleo,Fanchon.Cleo@yopmail.com,Istanbul
634,Chere,Monaco,Chere.Monaco@yopmail.com,Chihuahua
635,Kaja,Hartnett,Kaja.Hartnett@yopmail.com,Medina
636,Jean,Ferrell,Jean.Ferrell@yopmail.com,Banjul
637,Sadie,Stilwell,Sadie.Stilwell@yopmail.com,Rabat
638,Misha,Ardra,Misha.Ardra@yopmail.com,Semarang
639,Darlleen,Lane,Darlleen.Lane@yopmail.com,Banda Aceh
640,Bobinette,Shaver,Bobinette.Shaver@yopmail.com,Harbin
641,Frank,Greyson,Frank.Greyson@yopmail.com,Ankara
642,Marsiella,Stefa,Marsiella.Stefa@yopmail.com,Lima
643,Sara-Ann,Alcott,Sara-Ann.Alcott@yopmail.com,Invercargill
644,Molli,Strephon,Molli.Strephon@yopmail.com,Miami
645,Gisela,Joeann,Gisela.Joeann@yopmail.com,Mandurah
646,Tamqrah,Woodberry,Tamqrah.Woodberry@yopmail.com,Vatican City
647,Zia,Brenn,Zia.Brenn@yopmail.com,Belfast
648,Debee,Lutero,Debee.Lutero@yopmail.com,Changchun
649,Petronia,Tacye,Petronia.Tacye@yopmail.com,Belgrade
650,Theodora,Iphlgenia,Theodora.Iphlgenia@yopmail.com,Edmonton
651,Emelina,Erlandson,Emelina.Erlandson@yopmail.com,Cuiabá
652,Cristabel,Breed,Cristabel.Breed@yopmail.com,Harare
653,Ayn,Daveta,Ayn.Daveta@yopmail.com,Cape Town
654,Lilith,Fancie,Lilith.Fancie@yopmail.com,Dallas
655,Eve,Casimir,Eve.Casimir@yopmail.com,Manila
656,Suzette,Karna,Suzette.Karna@yopmail.com,Marrakech
657,Brianna,Mata,Brianna.Mata@yopmail.com,Forked River
658,Marinna,Bibi,Marinna.Bibi@yopmail.com,Lomé
659,Blondelle,Shuler,Blondelle.Shuler@yopmail.com,Perm
660,Allis,Alice,Allis.Alice@yopmail.com,Jerusalem
661,Belva,Amand,Belva.Amand@yopmail.com,Maracaibo
662,Betta,Parsaye,Betta.Parsaye@yopmail.com,Nagoya
663,Roz,Kevon,Roz.Kevon@yopmail.com,Ottawa
664,Nanete,Lynn,Nanete.Lynn@yopmail.com,Phnom Penh
665,Pierette,August,Pierette.August@yopmail.com,Brussels
666,Ariela,Sasnett,Ariela.Sasnett@yopmail.com,Rockhampton
667,Kenna,Annice,Kenna.Annice@yopmail.com,Louisville
668,Dacia,Euridice,Dacia.Euridice@yopmail.com,Curitiba
669,Adele,Klotz,Adele.Klotz@yopmail.com,Edmonton
670,Devina,Mendez,Devina.Mendez@yopmail.com,Honolulu
671,Tani,Reidar,Tani.Reidar@yopmail.com,Frankfurt
672,Robbi,Bobbee,Robbi.Bobbee@yopmail.com,Port of Spain
673,Barbi,Vary,Barbi.Vary@yopmail.com,Labasa
674,Lorenza,Stanwood,Lorenza.Stanwood@yopmail.com,Valdivia
675,Ermengarde,Lytton,Ermengarde.Lytton@yopmail.com,Tórshavn
676,Britni,Dorine,Britni.Dorine@yopmail.com,New York City
677,Carol-Jean,Vittoria,Carol-Jean.Vittoria@yopmail.com,Kansas City
678,Lilith,Taima,Lilith.Taima@yopmail.com,Kabul
679,Lanna,Jacobah,Lanna.Jacobah@yopmail.com,San Salvador
680,Vonny,Sallyann,Vonny.Sallyann@yopmail.com,Nagoya
681,Natka,Atcliffe,Natka.Atcliffe@yopmail.com,Tartu
682,Carmela,Rhu,Carmela.Rhu@yopmail.com,Jamestown
683,Kittie,Thilda,Kittie.Thilda@yopmail.com,Jersey City
684,Brandise,Helve,Brandise.Helve@yopmail.com,Yellowknife
685,Madalyn,Skurnik,Madalyn.Skurnik@yopmail.com,Douala
686,Averyl,Brieta,Averyl.Brieta@yopmail.com,Chongjin
687,Silvana,Montgomery,Silvana.Montgomery@yopmail.com,Johannesburg
688,Mara,Ludewig,Mara.Ludewig@yopmail.com,Stepanakert
689,Ayn,Damarra,Ayn.Damarra@yopmail.com,Vientiane
690,Shaylyn,Malvino,Shaylyn.Malvino@yopmail.com,Port Moresby
691,Oona,Gahl,Oona.Gahl@yopmail.com,Palembang
692,Sharlene,Jena,Sharlene.Jena@yopmail.com,Beijing
693,Hannis,Hashim,Hannis.Hashim@yopmail.com,Bucharest
694,Bertine,Vharat,Bertine.Vharat@yopmail.com,Dongguan
695,Kimberley,Docilla,Kimberley.Docilla@yopmail.com,Minneapolis
696,Patricia,Bennie,Patricia.Bennie@yopmail.com,Mumbai
697,Corly,Anastatius,Corly.Anastatius@yopmail.com,Bratsk
698,Frieda,Sholley,Frieda.Sholley@yopmail.com,Kiev
699,Annabela,Pascia,Annabela.Pascia@yopmail.com,Beirut
700,Babita,Moseley,Babita.Moseley@yopmail.com,San Juan
701,Ellette,Jena,Ellette.Jena@yopmail.com,Muscat
702,Nicoli,Virgin,Nicoli.Virgin@yopmail.com,Istanbul
703,Nadine,Blase,Nadine.Blase@yopmail.com,Gangtok
704,Sashenka,Sallyann,Sashenka.Sallyann@yopmail.com,Washington
705,Cathyleen,Gabrielli,Cathyleen.Gabrielli@yopmail.com,Mexicali
706,Ardenia,Gregrory,Ardenia.Gregrory@yopmail.com,Honolulu
707,Vevay,Imelida,Vevay.Imelida@yopmail.com,Dresden
708,Lorne,Gregrory,Lorne.Gregrory@yopmail.com,Nukuʻalofa
709,Mureil,Hull,Mureil.Hull@yopmail.com,Glasgow
710,Sabina,Hirsch,Sabina.Hirsch@yopmail.com,Kuwait City
711,Tamqrah,Jary,Tamqrah.Jary@yopmail.com,Dibrugarh
712,Lizzie,Matthew,Lizzie.Matthew@yopmail.com,Mandurah
713,Loree,Hull,Loree.Hull@yopmail.com,Invercargill
714,Steffane,Love,Steffane.Love@yopmail.com,Dunedin
715,Annice,Verger,Annice.Verger@yopmail.com,Rome
716,Florie,Stacy,Florie.Stacy@yopmail.com,Port of Spain
717,Lita,Doig,Lita.Doig@yopmail.com,Forked River
718,Chloris,Redmond,Chloris.Redmond@yopmail.com,St. George's
719,Genovera,Pierette,Genovera.Pierette@yopmail.com,Konya
720,Regina,Ellerey,Regina.Ellerey@yopmail.com,Vatican City
721,Cordi,Agle,Cordi.Agle@yopmail.com,Yamoussoukro
722,Leontine,Martsen,Leontine.Martsen@yopmail.com,Belmopan
723,Brena,Lacombe,Brena.Lacombe@yopmail.com,Mendoza
724,Brianna,Dawkins,Brianna.Dawkins@yopmail.com,Bangui
725,Georgetta,Masao,Georgetta.Masao@yopmail.com,Forked River
726,Nicoli,Beebe,Nicoli.Beebe@yopmail.com,St. Louis
727,Codie,Bevin,Codie.Bevin@yopmail.com,Tel Aviv
728,Shell,Tremayne,Shell.Tremayne@yopmail.com,Kingston
729,Catrina,Septima,Catrina.Septima@yopmail.com,Turin
730,Shel,Maxi,Shel.Maxi@yopmail.com,Thessaloniki
731,Marti,Francene,Marti.Francene@yopmail.com,Maceió
732,Raina,Grobe,Raina.Grobe@yopmail.com,Sitka
733,Wanda,Kosey,Wanda.Kosey@yopmail.com,Lobamba
734,Kimberley,Korey,Kimberley.Korey@yopmail.com,Ibiza
735,Maryellen,Couture,Maryellen.Couture@yopmail.com,Shigatse
736,Tami,Kelula,Tami.Kelula@yopmail.com,Abuja
737,Lisette,Ackerley,Lisette.Ackerley@yopmail.com,Chicago
738,Edyth,Briney,Edyth.Briney@yopmail.com,Kuala Lumpur
739,Valeda,Dimitris,Valeda.Dimitris@yopmail.com,Pattaya
740,Hildegaard,Elvyn,Hildegaard.Elvyn@yopmail.com,Manzini
741,Catrina,Yate,Catrina.Yate@yopmail.com,Ahmedabad
742,Dawn,Thema,Dawn.Thema@yopmail.com,Melekeok
743,Cristabel,Marisa,Cristabel.Marisa@yopmail.com,Santa Cruz de la Sierra
744,Regina,Fancie,Regina.Fancie@yopmail.com,Geneva
745,Chrystel,Infield,Chrystel.Infield@yopmail.com,Asmara
746,Rosanne,Rodmann,Rosanne.Rodmann@yopmail.com,Karachi
747,Amii,Vorster,Amii.Vorster@yopmail.com,Surat
748,Dorene,Maiah,Dorene.Maiah@yopmail.com,Nassau
749,Heida,Braun,Heida.Braun@yopmail.com,Durban
750,Janis,Yate,Janis.Yate@yopmail.com,Changchun
751,Maurene,Roumell,Maurene.Roumell@yopmail.com,Abu Dhabi
752,Carilyn,Belanger,Carilyn.Belanger@yopmail.com,Malmö
753,Charissa,Kiersten,Charissa.Kiersten@yopmail.com,Kigali
754,Frieda,Meli,Frieda.Meli@yopmail.com,Zapopan
755,Dyann,Anselmi,Dyann.Anselmi@yopmail.com,Aarhus
756,Andeee,Gaal,Andeee.Gaal@yopmail.com,Belgrade
757,Sophia,Kiersten,Sophia.Kiersten@yopmail.com,Guatemala City
758,Tori,Carvey,Tori.Carvey@yopmail.com,Jacksonville
759,Minne,Corrine,Minne.Corrine@yopmail.com,Simferopol
760,Brietta,Neva,Brietta.Neva@yopmail.com,Pyongyang
761,Peri,Raama,Peri.Raama@yopmail.com,Christchurch
762,Agnese,Kalinda,Agnese.Kalinda@yopmail.com,Nashville
763,Claresta,Engdahl,Claresta.Engdahl@yopmail.com,Townsville
764,Loree,Martsen,Loree.Martsen@yopmail.com,Mogadishu
765,Clementine,Peonir,Clementine.Peonir@yopmail.com,Mamoudzou
766,Kirbee,Winthorpe,Kirbee.Winthorpe@yopmail.com,Adana
767,Leona,Zrike,Leona.Zrike@yopmail.com,Lilongwe
768,Carol-Jean,Gillan,Carol-Jean.Gillan@yopmail.com,Nanning
769,Heddie,Connelly,Heddie.Connelly@yopmail.com,Dammam
770,Felice,Sundin,Felice.Sundin@yopmail.com,Mexico City
771,Chloris,Goth,Chloris.Goth@yopmail.com,London
772,Phedra,Mallon,Phedra.Mallon@yopmail.com,Detroit
773,Elka,Annice,Elka.Annice@yopmail.com,Miri
774,Joceline,Tremayne,Joceline.Tremayne@yopmail.com,Yaren District
775,Sonni,Eno,Sonni.Eno@yopmail.com,Vancouver
776,Anthia,Hoenack,Anthia.Hoenack@yopmail.com,San José
777,Dode,Swigart,Dode.Swigart@yopmail.com,Busan
778,Celene,Alice,Celene.Alice@yopmail.com,Brazzaville
779,Mamie,Jacqui,Mamie.Jacqui@yopmail.com,Cayenne
780,Trixi,Montgomery,Trixi.Montgomery@yopmail.com,Chaguanas
781,Neila,Primalia,Neila.Primalia@yopmail.com,Charlottetown
782,Vevay,Kendrick,Vevay.Kendrick@yopmail.com,Mbabane
783,Daphne,Dosia,Daphne.Dosia@yopmail.com,St. George's
784,Amelia,Behre,Amelia.Behre@yopmail.com,Campinas
785,Tami,Seligman,Tami.Seligman@yopmail.com,Samara
786,Sybille,Wu,Sybille.Wu@yopmail.com,Valparaíso
787,Anallese,Turne,Anallese.Turne@yopmail.com,Luanda
788,Siana,Daveta,Siana.Daveta@yopmail.com,Nashville
789,Marnia,Ciapas,Marnia.Ciapas@yopmail.com,Reykjavík
790,Halette,Loring,Halette.Loring@yopmail.com,Tijuana
791,Agnese,Jary,Agnese.Jary@yopmail.com,Kansas City
792,Suzette,Pandolfi,Suzette.Pandolfi@yopmail.com,Sabha
793,Vevay,Garlinda,Vevay.Garlinda@yopmail.com,Guatemala City
794,Nyssa,Ursulette,Nyssa.Ursulette@yopmail.com,Leeds
795,Edyth,Azeria,Edyth.Azeria@yopmail.com,Bergen
796,Maridel,Kimmie,Maridel.Kimmie@yopmail.com,Toronto
797,Frances,Sallyann,Frances.Sallyann@yopmail.com,Lisbon
798,Doro,Schenck,Doro.Schenck@yopmail.com,Split (city)
799,Ada,Palocz,Ada.Palocz@yopmail.com,Seattle
800,Dyann,Seligman,Dyann.Seligman@yopmail.com,Düsseldorf
801,Marti,Ashok,Marti.Ashok@yopmail.com,Veracruz
802,Ursulina,Esmaria,Ursulina.Esmaria@yopmail.com,Pittsburgh
803,Sidoney,Shelba,Sidoney.Shelba@yopmail.com,Reykjavík
804,Hermione,Bearnard,Hermione.Bearnard@yopmail.com,City of San Marino
805,Farrah,Hertzfeld,Farrah.Hertzfeld@yopmail.com,Lanzhou
806,Paule,Tiffa,Paule.Tiffa@yopmail.com,Angra do Heroísmo
807,Brena,Kolnick,Brena.Kolnick@yopmail.com,San Antonio
808,Teddie,Gualtiero,Teddie.Gualtiero@yopmail.com,Seoul
809,Emilia,Buckler,Emilia.Buckler@yopmail.com,Valparaíso
810,Jessamyn,Carleen,Jessamyn.Carleen@yopmail.com,Cotonou
811,Norine,Gower,Norine.Gower@yopmail.com,Rabi Island
812,Rosanne,Prober,Rosanne.Prober@yopmail.com,Douala
813,Celisse,Lindemann,Celisse.Lindemann@yopmail.com,Manzini
814,Magdalena,Neils,Magdalena.Neils@yopmail.com,Santo Domingo
815,Judy,Rogerio,Judy.Rogerio@yopmail.com,Tampa
816,Elbertina,Lattie,Elbertina.Lattie@yopmail.com,Wuhan
817,Lelah,Merriott,Lelah.Merriott@yopmail.com,Kansas City
818,Harmonia,Ball,Harmonia.Ball@yopmail.com,Thiès
819,Mariele,Willie,Mariele.Willie@yopmail.com,Stuttgart
820,Lily,Remmer,Lily.Remmer@yopmail.com,Tegucigalpa
821,Donnie,Damarra,Donnie.Damarra@yopmail.com,Padang
822,Desirae,Seagraves,Desirae.Seagraves@yopmail.com,Udon Thani
823,Betta,Martguerita,Betta.Martguerita@yopmail.com,Belmopan
824,Marsiella,Amethist,Marsiella.Amethist@yopmail.com,Fairbanks
825,Christian,Thilda,Christian.Thilda@yopmail.com,Saskatoon
826,Julieta,Lauraine,Julieta.Lauraine@yopmail.com,Nouakchott
827,Lanna,Bonilla,Lanna.Bonilla@yopmail.com,Porto Velho
828,Iseabal,Callista,Iseabal.Callista@yopmail.com,Manila
829,Annice,Cloris,Annice.Cloris@yopmail.com,Warsaw
830,Jessamyn,Beebe,Jessamyn.Beebe@yopmail.com,San José
831,Charlena,Codding,Charlena.Codding@yopmail.com,Mashhad
832,Joane,Hashim,Joane.Hashim@yopmail.com,Antananarivo
833,Trixi,Gherardo,Trixi.Gherardo@yopmail.com,Punta Arenas
834,Merci,Maroney,Merci.Maroney@yopmail.com,Hiroshima
835,Correy,Rheingold,Correy.Rheingold@yopmail.com,Bogor
836,Riannon,Joni,Riannon.Joni@yopmail.com,Kota Kinabalu
837,Flory,Letsou,Flory.Letsou@yopmail.com,Lucknow
838,Celestyna,McNully,Celestyna.McNully@yopmail.com,Port Moresby
839,Fawne,Strephon,Fawne.Strephon@yopmail.com,Adana
840,Bertine,Zrike,Bertine.Zrike@yopmail.com,Weno
841,Mathilda,Urania,Mathilda.Urania@yopmail.com,Ilhéus
842,Lita,Edvard,Lita.Edvard@yopmail.com,Guayaquil
843,Willetta,Gamaliel,Willetta.Gamaliel@yopmail.com,Whitehorse
844,Caryl,Behre,Caryl.Behre@yopmail.com,Bratsk
845,Sissy,Gerge,Sissy.Gerge@yopmail.com,Dunedin
846,Shel,Rillings,Shel.Rillings@yopmail.com,Palma
847,Julieta,Firmin,Julieta.Firmin@yopmail.com,Dushanbe
848,Trixi,Kannry,Trixi.Kannry@yopmail.com,Porto
849,Doralynne,Flyn,Doralynne.Flyn@yopmail.com,Rome
850,Leanna,Colyer,Leanna.Colyer@yopmail.com,Bogotá
851,Tonia,Lanita,Tonia.Lanita@yopmail.com,Rockhampton
852,Sadie,Oriana,Sadie.Oriana@yopmail.com,Tianjin
853,Darlleen,Dielu,Darlleen.Dielu@yopmail.com,Pyongyang
854,Morganica,Fabiola,Morganica.Fabiola@yopmail.com,Vladivostok
855,Pollyanna,Nicoline,Pollyanna.Nicoline@yopmail.com,Johannesburg
856,Shel,Dituri,Shel.Dituri@yopmail.com,Tskhinvali
857,Selia,Albertine,Selia.Albertine@yopmail.com,Lima
858,Lorne,Jacobah,Lorne.Jacobah@yopmail.com,Ludhiana
859,Nataline,Joseph,Nataline.Joseph@yopmail.com,Gdańsk
860,Camile,Colleen,Camile.Colleen@yopmail.com,Medan
861,Korrie,Gaulin,Korrie.Gaulin@yopmail.com,Jinan
862,Hettie,Riva,Hettie.Riva@yopmail.com,Nuuk
863,Minda,Claudine,Minda.Claudine@yopmail.com,Avarua
864,Karly,Remmer,Karly.Remmer@yopmail.com,St. John's
865,Amalie,Agle,Amalie.Agle@yopmail.com,Recife
866,Gaylene,Halsey,Gaylene.Halsey@yopmail.com,San Carlos de Bariloche
867,Phylis,Flita,Phylis.Flita@yopmail.com,Adamstown
868,Deirdre,Loring,Deirdre.Loring@yopmail.com,Oklahoma City
869,Nollie,Hillel,Nollie.Hillel@yopmail.com,Lanzhou
870,Mamie,Flita,Mamie.Flita@yopmail.com,Gibraltar
871,Marita,Estella,Marita.Estella@yopmail.com,Taipei
872,Marcelline,Rheingold,Marcelline.Rheingold@yopmail.com,Zagreb
873,Therine,Geffner,Therine.Geffner@yopmail.com,Geelong
874,Roxane,Erich,Roxane.Erich@yopmail.com,Birmingham
875,Ileana,Aida,Ileana.Aida@yopmail.com,Sacramento
876,Beatriz,Auberbach,Beatriz.Auberbach@yopmail.com,Beijing
877,Rochette,Toor,Rochette.Toor@yopmail.com,Fairbanks
878,Marcy,Kress,Marcy.Kress@yopmail.com,Barcelona
879,Augustine,Amethist,Augustine.Amethist@yopmail.com,Tartu
880,Yolane,Rolf,Yolane.Rolf@yopmail.com,Toulouse
881,Dede,Mayeda,Dede.Mayeda@yopmail.com,Zagreb
882,Nicoli,Chabot,Nicoli.Chabot@yopmail.com,Chongjin
883,Sheelagh,McAdams,Sheelagh.McAdams@yopmail.com,La Serena
884,Annice,Gilbertson,Annice.Gilbertson@yopmail.com,Córdoba
885,Gavrielle,Podvin,Gavrielle.Podvin@yopmail.com,Vaduz
886,Andeee,An,Andeee.An@yopmail.com,Semarang
887,Tierney,Raffo,Tierney.Raffo@yopmail.com,Tegucigalpa
888,Valera,Lareena,Valera.Lareena@yopmail.com,Niamey
889,Valeda,Sancho,Valeda.Sancho@yopmail.com,Tijuana
890,Tera,Kimmie,Tera.Kimmie@yopmail.com,Perm
891,Tina,Abernon,Tina.Abernon@yopmail.com,Medellín
892,Joelly,Pettiford,Joelly.Pettiford@yopmail.com,Jerusalem
893,Jacquetta,Niccolo,Jacquetta.Niccolo@yopmail.com,Vilnius
894,Karly,Pip,Karly.Pip@yopmail.com,Hagåtña
895,Fred,Merell,Fred.Merell@yopmail.com,Kuala Lumpur
896,Frances,Suk,Frances.Suk@yopmail.com,Bissau
897,Hildegaard,Tayib,Hildegaard.Tayib@yopmail.com,Mamoudzou
898,Aeriela,Aloise,Aeriela.Aloise@yopmail.com,Weno
899,Alejandra,Erb,Alejandra.Erb@yopmail.com,Valdivia
900,Dolli,Baylor,Dolli.Baylor@yopmail.com,Daegu
901,Roberta,Uund,Roberta.Uund@yopmail.com,Manila
902,Tersina,Ambrosia,Tersina.Ambrosia@yopmail.com,Pekanbaru
903,Correy,Hylan,Correy.Hylan@yopmail.com,Stuttgart
904,Consuela,Hylan,Consuela.Hylan@yopmail.com,Fort-de-France
905,Selia,Lytton,Selia.Lytton@yopmail.com,Kingston
906,Minne,Donoghue,Minne.Donoghue@yopmail.com,Addis Ababa
907,Wendi,Giff,Wendi.Giff@yopmail.com,Amritsar
908,Elise,Evvie,Elise.Evvie@yopmail.com,Berlin
909,Etta,Dorine,Etta.Dorine@yopmail.com,Ambon
910,Tina,Garbe,Tina.Garbe@yopmail.com,La Serena
911,Reeba,Abram,Reeba.Abram@yopmail.com,Cleveland
912,Eugine,Ries,Eugine.Ries@yopmail.com,Vilnius
913,Mathilda,Kronfeld,Mathilda.Kronfeld@yopmail.com,Port of Spain
914,Magdalena,Land,Magdalena.Land@yopmail.com,South Tarawa
915,Mahalia,O'Neill,Mahalia.O'Neill@yopmail.com,Mbabane
916,Gerianna,Howlyn,Gerianna.Howlyn@yopmail.com,Yaren District
917,Cyndie,Olnee,Cyndie.Olnee@yopmail.com,Iloilo City
918,Margarette,Sandye,Margarette.Sandye@yopmail.com,Hai Phong
919,Marika,Etom,Marika.Etom@yopmail.com,New Orleans
920,Nadine,Eno,Nadine.Eno@yopmail.com,Cologne
921,Jere,Jehu,Jere.Jehu@yopmail.com,Douglas
922,Kirstin,Sherrie,Kirstin.Sherrie@yopmail.com,Cuiabá
923,Dyann,Robertson,Dyann.Robertson@yopmail.com,Moscow
924,Cathyleen,Cloris,Cathyleen.Cloris@yopmail.com,Cockburn Town
925,Basia,Albertine,Basia.Albertine@yopmail.com,Indianapolis
926,Darci,Sperling,Darci.Sperling@yopmail.com,Toulouse
927,Odessa,Rurik,Odessa.Rurik@yopmail.com,Omdurman
928,Yetty,Pond,Yetty.Pond@yopmail.com,Surabaya
929,Annecorinne,Toffic,Annecorinne.Toffic@yopmail.com,Sydney
930,Angelique,Richers,Angelique.Richers@yopmail.com,Tianjin
931,Brianna,Desai,Brianna.Desai@yopmail.com,Bratsk
932,Ilse,Neils,Ilse.Neils@yopmail.com,Tskhinvali
933,Carree,Love,Carree.Love@yopmail.com,Conakry
934,Veda,Kussell,Veda.Kussell@yopmail.com,Manchester
935,Carmencita,Zola,Carmencita.Zola@yopmail.com,Jeddah
936,Meghann,Eugenia,Meghann.Eugenia@yopmail.com,Rabi Island
937,Ashlee,Beniamino,Ashlee.Beniamino@yopmail.com,Luanda
938,Norine,Heisel,Norine.Heisel@yopmail.com,Basse-Terre
939,Minda,Sikorski,Minda.Sikorski@yopmail.com,Portland
940,Rosene,Guildroy,Rosene.Guildroy@yopmail.com,Niamey
941,Beverley,Peg,Beverley.Peg@yopmail.com,Alofi
942,Sam,Whiffen,Sam.Whiffen@yopmail.com,Guayaquil
943,Dolli,Delp,Dolli.Delp@yopmail.com,Santo Domingo
944,Bibby,Cleo,Bibby.Cleo@yopmail.com,Adelaide
945,Judy,Maxi,Judy.Maxi@yopmail.com,Palikir
946,Marylou,Corilla,Marylou.Corilla@yopmail.com,Ibadan
947,Marti,Chrystel,Marti.Chrystel@yopmail.com,Gibraltar
948,Patricia,Rustice,Patricia.Rustice@yopmail.com,Guayaquil
949,Joeann,Crudden,Joeann.Crudden@yopmail.com,Road Town
950,Adriana,Sherfield,Adriana.Sherfield@yopmail.com,Chuí
951,Inga,Sidonius,Inga.Sidonius@yopmail.com,Cork (city)
952,Siana,Center,Siana.Center@yopmail.com,Harbin
953,Lynde,Allys,Lynde.Allys@yopmail.com,Kathmandu
954,Sophia,Colp,Sophia.Colp@yopmail.com,Canberra
955,Sadie,Pearse,Sadie.Pearse@yopmail.com,Raleigh
956,Elie,Read,Elie.Read@yopmail.com,Maceió
957,Georgina,Argus,Georgina.Argus@yopmail.com,Brasília
958,Tonia,Bendick,Tonia.Bendick@yopmail.com,Lyon
959,Bernie,Earlie,Bernie.Earlie@yopmail.com,Mérida
960,Lolita,Miru,Lolita.Miru@yopmail.com,Assis
961,Gretal,Carey,Gretal.Carey@yopmail.com,Managua
962,Lolita,Sprage,Lolita.Sprage@yopmail.com,Palma
963,Cassandra,Bivins,Cassandra.Bivins@yopmail.com,Munich
964,Nikki,Weitman,Nikki.Weitman@yopmail.com,São José dos Campos
965,Imojean,Ephrem,Imojean.Ephrem@yopmail.com,Dubai
966,Max,Audly,Max.Audly@yopmail.com,Malmö
967,Tobe,Voletta,Tobe.Voletta@yopmail.com,Fort-de-France
968,Donnie,Fairweather,Donnie.Fairweather@yopmail.com,Hilo
969,Korrie,Kristi,Korrie.Kristi@yopmail.com,Quebec City
970,Zsa Zsa,Bari,Zsa Zsa.Bari@yopmail.com,Nuuk
971,Beatriz,Havens,Beatriz.Havens@yopmail.com,Bangalore
972,Misha,Kress,Misha.Kress@yopmail.com,Malmö
973,Nyssa,Ackerley,Nyssa.Ackerley@yopmail.com,Graz
974,Lila,Latini,Lila.Latini@yopmail.com,Simferopol
975,Antonietta,Khorma,Antonietta.Khorma@yopmail.com,Da Nang
976,Charlena,Skurnik,Charlena.Skurnik@yopmail.com,Manama
977,Tilly,Orpah,Tilly.Orpah@yopmail.com,Tartu
978,Lacie,Honoria,Lacie.Honoria@yopmail.com,Harbin
979,Farrah,Hessler,Farrah.Hessler@yopmail.com,Paramaribo
980,Jacenta,Raychel,Jacenta.Raychel@yopmail.com,Rome
981,Anica,Delp,Anica.Delp@yopmail.com,Busan
982,Yolane,Adamsen,Yolane.Adamsen@yopmail.com,Valparaíso
983,Cathyleen,Janith,Cathyleen.Janith@yopmail.com,Quezon City
984,Fina,Flyn,Fina.Flyn@yopmail.com,Gaza
985,Hayley,Kunin,Hayley.Kunin@yopmail.com,Dallas
986,Tina,Lucienne,Tina.Lucienne@yopmail.com,Nairobi
987,Latisha,Goldina,Latisha.Goldina@yopmail.com,Nairobi
988,Marline,Bari,Marline.Bari@yopmail.com,Palma
989,Ardeen,Zetta,Ardeen.Zetta@yopmail.com,Ankara
990,Dawn,Iaverne,Dawn.Iaverne@yopmail.com,Hat Yai
991,Codie,Sibyls,Codie.Sibyls@yopmail.com,Chittagong
992,Suzette,Yerkovich,Suzette.Yerkovich@yopmail.com,Thessaloniki
993,Leia,Chaing,Leia.Chaing@yopmail.com,Roseau
994,Sherrie,Riva,Sherrie.Riva@yopmail.com,Nantes
995,Genovera,Goddard,Genovera.Goddard@yopmail.com,Amsterdam
996,Rosene,Francyne,Rosene.Francyne@yopmail.com,Brazzaville
997,Janeczka,Couture,Janeczka.Couture@yopmail.com,Vientiane
998,Ermengarde,Harl,Ermengarde.Harl@yopmail.com,Harare
999,Minne,Bandeen,Minne.Bandeen@yopmail.com,Chennai
1000,Ursulina,Eckblad,Ursulina.Eckblad@yopmail.com,Port Hedland
1001,Nadine,Stanwood,Nadine.Stanwood@yopmail.com,Dubai
1002,Melina,Wilona,Melina.Wilona@yopmail.com,Malabo
1003,Minne,Love,Minne.Love@yopmail.com,Guayaquil
1004,Concettina,Jacinda,Concettina.Jacinda@yopmail.com,Kabul
1005,Doro,Voletta,Doro.Voletta@yopmail.com,Edmonton
1006,Molli,Holbrook,Molli.Holbrook@yopmail.com,Dalian
1007,Robinia,Sheedy,Robinia.Sheedy@yopmail.com,Konya
1008,Ketti,Bertold,Ketti.Bertold@yopmail.com,Nassau
1009,Ofilia,Adalbert,Ofilia.Adalbert@yopmail.com,Hilo
1010,Kylynn,Japeth,Kylynn.Japeth@yopmail.com,Phuket (city)
1011,Margarette,Publia,Margarette.Publia@yopmail.com,Mwanza
1012,Suzette,Adamsen,Suzette.Adamsen@yopmail.com,Palma
1013,Miquela,Artie,Miquela.Artie@yopmail.com,San Fernando
1014,Dianemarie,Deny,Dianemarie.Deny@yopmail.com,Petropavlovsk-Kamchatsky
1015,Lulita,Carri,Lulita.Carri@yopmail.com,Bangalore
1016,Basia,Ulphia,Basia.Ulphia@yopmail.com,Dibrugarh
1017,Jerry,Lorain,Jerry.Lorain@yopmail.com,Incheon
1018,Odessa,Fennessy,Odessa.Fennessy@yopmail.com,Xining
1019,Frank,Stephie,Frank.Stephie@yopmail.com,Cork (city)
1020,Chastity,Noelyn,Chastity.Noelyn@yopmail.com,Madrid
1021,Ashlee,Decato,Ashlee.Decato@yopmail.com,Tripoli
1022,Nananne,Bivins,Nananne.Bivins@yopmail.com,Patna
1023,Corry,Brodench,Corry.Brodench@yopmail.com,Semarang
1024,Noelle,Gabrielli,Noelle.Gabrielli@yopmail.com,Paris
1025,Amalie,Briney,Amalie.Briney@yopmail.com,Tirana
1026,Renie,Gino,Renie.Gino@yopmail.com,São Tomé
1027,Sybille,Annice,Sybille.Annice@yopmail.com,Banjul
1028,Alyssa,Zeeba,Alyssa.Zeeba@yopmail.com,Zamboanga City
1029,Monika,Matthew,Monika.Matthew@yopmail.com,Belize City
1030,Ottilie,Gamaliel,Ottilie.Gamaliel@yopmail.com,Belize City
1031,Demetris,Grosz,Demetris.Grosz@yopmail.com,Longyearbyen
1032,Dione,Middleton,Dione.Middleton@yopmail.com,Pristina
1033,Bertine,Hanleigh,Bertine.Hanleigh@yopmail.com,Saskatoon
1034,Theodora,Ophelia,Theodora.Ophelia@yopmail.com,Phoenix
1035,Rosabelle,Codding,Rosabelle.Codding@yopmail.com,Edmonton
1036,Tatiania,Moina,Tatiania.Moina@yopmail.com,Monterrey
1037,Gui,Fiann,Gui.Fiann@yopmail.com,Kyoto
1038,Annora,Jary,Annora.Jary@yopmail.com,Ciudad del Este
1039,Marline,Raama,Marline.Raama@yopmail.com,Lahore
1040,Valli,Helfand,Valli.Helfand@yopmail.com,Bishkek
1041,Konstance,Heisel,Konstance.Heisel@yopmail.com,Johor Bahru
1042,Taffy,Arquit,Taffy.Arquit@yopmail.com,Oslo
1043,Ericka,Bendick,Ericka.Bendick@yopmail.com,Riga
1044,Doro,Stephie,Doro.Stephie@yopmail.com,Arbil
1045,Kara-Lynn,Chauncey,Kara-Lynn.Chauncey@yopmail.com,Ulan Bator
1046,Ginnie,Meli,Ginnie.Meli@yopmail.com,Tabriz
1047,Kenna,Moina,Kenna.Moina@yopmail.com,Sarajevo
1048,Jobi,Pozzy,Jobi.Pozzy@yopmail.com,Nouakchott
1049,Madeleine,Paton,Madeleine.Paton@yopmail.com,Tiraspol
1050,Emelina,Dearborn,Emelina.Dearborn@yopmail.com,Edmonton
1051,Dorthy,Rillings,Dorthy.Rillings@yopmail.com,Willemstad
1052,Silvana,Kristi,Silvana.Kristi@yopmail.com,São Paulo
1053,Helena,Minetta,Helena.Minetta@yopmail.com,Chennai
1054,Quintina,Skell,Quintina.Skell@yopmail.com,Apia
1055,Dode,Sophronia,Dode.Sophronia@yopmail.com,Ciudad del Este
1056,Elka,Billye,Elka.Billye@yopmail.com,Geelong
1057,Rosabelle,Fink,Rosabelle.Fink@yopmail.com,Paris
1058,Asia,Levey,Asia.Levey@yopmail.com,Columbus
1059,Orsola,Jaylene,Orsola.Jaylene@yopmail.com,Boston
1060,Chrystel,Afton,Chrystel.Afton@yopmail.com,Buffalo
1061,Kirbee,Susannah,Kirbee.Susannah@yopmail.com,Mumbai
1062,Cecile,Terrence,Cecile.Terrence@yopmail.com,Anadyr (town)
1063,Amii,Gilbertson,Amii.Gilbertson@yopmail.com,Quetzaltenango
1064,Danny,Isidore,Danny.Isidore@yopmail.com,Chiang Mai
1065,Goldie,Mayeda,Goldie.Mayeda@yopmail.com,Kandahar
1066,Gale,Ranjiv,Gale.Ranjiv@yopmail.com,Surat
1067,Doralynne,Wooster,Doralynne.Wooster@yopmail.com,Bangkok
1068,Sibella,Olnee,Sibella.Olnee@yopmail.com,Djibouti (city)
1069,Liana,Trinetta,Liana.Trinetta@yopmail.com,Rome
1070,Demetris,Magdalen,Demetris.Magdalen@yopmail.com,Dongguan
1071,Ethel,Gladstone,Ethel.Gladstone@yopmail.com,São José dos Campos
1072,Zia,Campball,Zia.Campball@yopmail.com,Koror
1073,Katleen,Tamar,Katleen.Tamar@yopmail.com,Bahía Blanca
1074,Tobe,Alarise,Tobe.Alarise@yopmail.com,Townsville
1075,Agathe,Dorcy,Agathe.Dorcy@yopmail.com,Porto-Novo
1076,Cristine,Nunci,Cristine.Nunci@yopmail.com,Kota Kinabalu
1077,Perry,Rudolph,Perry.Rudolph@yopmail.com,Port Vila
1078,Lelah,Evangelia,Lelah.Evangelia@yopmail.com,Peshawar
1079,Jeanna,Gabrielli,Jeanna.Gabrielli@yopmail.com,Manama
1080,Cacilie,Oriana,Cacilie.Oriana@yopmail.com,Makassar
1081,Raina,Minetta,Raina.Minetta@yopmail.com,Denpasar
1082,Nikki,Nadia,Nikki.Nadia@yopmail.com,Novosibirsk
1083,Gabriellia,Larochelle,Gabriellia.Larochelle@yopmail.com,Douglas
1084,Lorie,Alabaster,Lorie.Alabaster@yopmail.com,Geelong
1085,Lulita,Jacobah,Lulita.Jacobah@yopmail.com,Lisbon
1086,Karly,Jacinda,Karly.Jacinda@yopmail.com,Innsbruck
1087,Agathe,Ulphia,Agathe.Ulphia@yopmail.com,Petropavlovsk-Kamchatsky
1088,Chloris,Charmine,Chloris.Charmine@yopmail.com,Belém
1089,Elfreda,Jarib,Elfreda.Jarib@yopmail.com,Hanoi
1090,Diena,Hamil,Diena.Hamil@yopmail.com,Vienna
1091,Lusa,Gale,Lusa.Gale@yopmail.com,Siem Reap
1092,Jinny,Candy,Jinny.Candy@yopmail.com,Chengdu
1093,Georgina,Egbert,Georgina.Egbert@yopmail.com,Bangalore
1094,Meg,Voletta,Meg.Voletta@yopmail.com,Monrovia
1095,Fred,Fairweather,Fred.Fairweather@yopmail.com,Algiers
1096,Elie,Erich,Elie.Erich@yopmail.com,Palembang
1097,Jere,Grayce,Jere.Grayce@yopmail.com,Cartagena
1098,Tilly,Karylin,Tilly.Karylin@yopmail.com,Busan
1099,Esmeralda,Presber,Esmeralda.Presber@yopmail.com,Las Palmas de Gran Canaria